{
    "ES-ES":[
        1.79478,
        2.24535,
        1.53419,
        2.17542,
        1.60352,
        1.62674,
        1.94705,
        1.4038,
        2.37008,
        1.66596,
        1.17008,
        1.94658,
        1.74638,
        1.67349,
        1.78168,
        1.62227,
        1.56557,
        1.94666,
        1.20474,
        1.82211,
        2.20182,
        1.29907,
        0.842392,
        1.64632,
        1.52736,
        1.20306,
        1.14022,
        2.32438,
        2.83849,
        2.38458,
        1.92774,
        1.35839,
        1.59006,
        1.08905,
        1.89487,
        1.71682,
        1.53172,
        2.89569,
        1.12551,
        2.18603,
        1.22739,
        1.41372,
        2.26617,
        2.7107,
        2.35119,
        1.50684,
        2.356463,
        2.06981,
        2.689712,
        2.6703291,
        2.6836942,
        2.7963218,
        2.5213659,
        2.5394512,
        2.52689141,
        2.4932154,
        2.4197302,
        2.38629,
        2.76319703,
        2.65652415
    ],
    "TS-ES":[
        0.438088,
        0.407934,
        0.483262,
        0.210534,
        0.263737,
        0.215194,
        0.251444,
        0.260343,
        0.221358,
        0.305862,
        0.229791,
        0.451993,
        0.363741,
        0.424966,
        0.294973,
        1.07339,
        1.0506,
        0.638752,
        0.865841,
        0.871127,
        0.89225,
        0.708997,
        0.269551,
        0.19415,
        0.246514,
        0.15673,
        0.176115,
        0.306417,
        0.209133,
        1.82931,
        1.73024,
        2.05102,
        1.8596,
        0.723268,
        0.749702,
        0.722241,
        0.770773,
        0.66555,
        0.309466,
        0.469425,
        0.307621,
        0.538211,
        0.517049,
        0.46587,
        0.464938,
        0.32152,
        0.15769,
        0.287956,
        0.311751,
        0.279129,
        0.276721,
        0.463724,
        0.535206,
        0.973027,
        1.00544,
        0.596487,
        0.960403,
        0.834357,
        0.720044,
        0.460056,
        0.35425,
        0.263363,
        0.361408,
        0.140211,
        1.13161,
        1.01764,
        0.810187,
        0.717737,
        0.886784,
        0.792218,
        0.843524,
        0.631265,
        0.880088,
        0.886161,
        1.12251,
        1.00173,
        0.794215,
        0.433061,
        0.71701,
        0.605335,
        1.45863,
        1.02663,
        0.620384,
        0.557565,
        0.700358,
        0.563884,
        0.484079,
        0.670063,
        0.409115,
        0.395422,
        0.460336,
        0.293719,
        0.517306,
        0.202804,
        0.343119,
        0.288354,
        0.672069,
        0.645698,
        0.673808,
        0.624141,
        0.74934,
        0.809549,
        0.546763,
        0.760069,
        0.426562,
        0.533248,
        0.43987,
        0.505208,
        0.100571,
        0.185241,
        0.135158,
        0.147689,
        0.27493,
        0.329704,
        0.327003,
        0.349585,
        0.474437,
        0.403079,
        0.339497,
        0.105304,
        0.801841,
        0.532179,
        0.942678,
        0.861607
    ],
    "TS-TS":[
        1.31207,
        2.0958,
        1.02684,
        2.15107,
        1.9837,
        1.04666,
        1.96951,
        2.20826,
        2.18897,
        2.05907,
        4.30357,
        2.87046,
        2.28301,
        2.70888,
        2.57161,
        1.80703,
        1.00207,
        0.689991,
        0.765279,
        0.612912,
        3.47234,
        2.17111,
        2.53303,
        2.23156,
        1.23627,
        4.42069,
        2.48219,
        2.13028,
        2.08296,
        1.66993,
        2.7388,
        1.49936,
        2.504,
        3.00372,
        3.54667,
        3.56377,
        3.56106,
        3.69769,
        3.69143,
        2.85222,
        1.8649,
        2.32438,
        3.12453,
        2.29358,
        1.84069,
        2.30772,
        2.2417,
        1.22286,
        0.985496,
        1.1594,
        0.900095,
        0.715578,
        2.41552,
        1.55279,
        2.0176,
        1.83697,
        1.67754,
        1.71408,
        1.55852,
        1.38811,
        1.11771,
        1.28493,
        0.88881,
        1.24163,
        1.13615,
        1.88201,
        0.983029,
        1.23454,
        1.65971,
        1.32439,
        1.11403,
        1.51352,
        1.15016,
        0.979049,
        2.5325,
        2.7086,
        2.97287,
        3.44533,
        3.52441,
        3.98606,
        3.81575,
        2.51609,
        1.86452,
        2.5517,
        1.63541,
        0.835649,
        1.13159,
        1.7445,
        4.34544,
        3.5576,
        2.45774,
        1.84204,
        2.62014,
        2.54385,
        3.0021,
        2.14491,
        2.16662,
        2.13081,
        2.26403,
        2.05541,
        2.0297,
        2.2989,
        2.13422,
        2.93179,
        3.16012,
        1.95759,
        2.14264,
        2.36754,
        2.91481,
        3.62576,
        3.29222,
        3.25741,
        2.28161,
        3.92818,
        3.28464,
        2.49318,
        4.38761,
        1.9156,
        2.08589,
        1.43101,
        0.85199,
        0.568399,
        0.795228,
        1.39276,
        1.99024,
        2.10508,
        2.79052,
        2.20755,
        1.61691,
        2.2793,
        2.7949,
        2.74884,
        1.83574,
        1.43239,
        1.35249,
        1.23523,
        1.09984,
        1.16587,
        1.84647,
        1.67793,
        2.7883,
        2.16136,
        1.7195,
        1.96789,
        2.20329,
        1.5191,
        2.12092,
        1.67424,
        1.81266,
        2.50338,
        2.38308,
        3.17247,
        2.63166,
        2.74234,
        2.92729,
        2.47628,
        1.6788,
        1.86551,
        1.74954,
        1.38095,
        2.08864,
        2.28016,
        3.02625,
        3.11864,
        2.1904,
        2.70813,
        3.17729,
        3.51737,
        3.46181,
        2.40915,
        2.84529,
        3.25668,
        2.48,
        2.75518,
        2.48917,
        3.16647,
        2.44482
    ],